ticker,name
000270.KS,기아
000660.KS,SK하이닉스
005380.KS,현대차
005930.KS,삼성전자
005935.KS,삼성전자우
006800.KS,미래에셋증권
012330.KS,현대모비스
012450.KS,한화에어로스페이스
028260.KS,삼성물산
032830.KS,삼성생명
034020.KS,두산에너빌리티
035420.KS,NAVER
042660.KS,한화오션
055550.KS,신한지주
068270.KS,셀트리온
105560.KS,KB금융
207940.KS,삼성바이오로직스
329180.KS,HD현대중공업
373220.KS,LG에너지솔루션
402340.KS,SK스퀘어
000810.KS,삼성화재
005490.KS,POSCO홀딩스
006400.KS,삼성SDI
009150.KS,삼성전기
009540.KS,HD한국조선해양
010120.KS,LS ELECTRIC
010130.KS,고려아연
010140.KS,삼성중공업
011200.KS,HMM
015760.KS,한국전력
034730.KS,SK
035720.KS,카카오
042700.KS,한미반도체
051910.KS,LG화학
086790.KS,하나금융지주
267250.KS,HD현대
267260.KS,HD현대일렉트릭
272210.KS,한화시스템
298040.KS,효성중공업
316140.KS,우리금융지주
000150.KS,두산
000720.KS,현대건설
003550.KS,LG
003670.KS,포스코퓨처엠
0126Z0.KS,
017670.KS,SK텔레콤
024110.KS,기업은행
030200.KS,KT
033780.KS,KT&G
047050.KS,포스코인터내셔널
047810.KS,한국항공우주
064350.KS,현대로템
066570.KS,LG전자
071050.KS,한국금융지주
079550.KS,LIG디펜스앤에어로스페이스
086280.KS,현대글로비스
096770.KS,SK이노베이션
138040.KS,메리츠금융지주
278470.KS,에이피알
352820.KS,하이브
000880.KS,한화
003230.KS,삼양식품
003490.KS,대한항공
005387.KS,현대차2우B
005830.KS,DB손해보험
005940.KS,NH투자증권
006260.KS,LS
007660.KS,이수페타시스
009830.KS,한화솔루션
010950.KS,S-Oil
016360.KS,삼성증권
018260.KS,삼성에스디에스
039490.KS,키움증권
090430.KS,아모레퍼시픽
180640.KS,한진칼
259960.KS,크래프톤
307950.KS,현대오토에버
323410.KS,카카오뱅크
377300.KS,카카오페이
443060.KS,HD현대마린솔루션
000100.KS,유한양행
001040.KS,CJ
005385.KS,현대차우
011070.KS,LG이노텍
028050.KS,삼성E&A
029780.KS,삼성카드
032640.KS,LG유플러스
034220.KS,LG디스플레이
047040.KS,대우건설
052690.KS,한전기술
064400.KS,LG씨엔에스
078930.KS,GS
128940.KS,한미약품
138930.KS,BNK금융지주
161390.KS,한국타이어앤테크놀로지
175330.KS,JB금융지주
241560.KS,두산밥캣
267270.KS,HD건설기계
326030.KS,SK바이오팜
454910.KS,두산로보틱스
001440.KS,대한전선
002380.KS,KCC
004020.KS,현대제철
018880.KS,한온시스템
021240.KS,코웨이
022100.KS,포스코DX
035250.KS,강원랜드
036570.KS,NC
051900.KS,LG생활건강
062040.KS,산일전기
066970.KS,엘앤에프
082740.KS,한화엔진
088350.KS,한화생명
088980.KS,맥쿼리인프라
103590.KS,일진전기
251270.KS,넷마블
271560.KS,오리온
353200.KS,대덕전자
450080.KS,에코프로머티
489790.KS,한화비전
000990.KS,DB하이텍
001720.KS,신영증권
004170.KS,신세계
004990.KS,롯데지주
009970.KS,영원무역홀딩스
010060.KS,OCI홀딩스
011170.KS,롯데케미칼
011780.KS,금호석유화학
011790.KS,SKC
012510.KS,더존비즈온
012750.KS,에스원
014680.KS,한솔케미칼
017800.KS,현대엘리베이터
023530.KS,롯데쇼핑
031210.KS,서울보증보험
036460.KS,한국가스공사
097950.KS,CJ제일제당
111770.KS,영원무역
302440.KS,SK바이오사이언스
439260.KS,대한조선
000120.KS,CJ대한통운
001450.KS,현대해상
005850.KS,에스엘
006360.KS,GS건설
00680K.KS,
008930.KS,한미사이언스
009420.KS,한올바이오파마
026960.KS,동서
028670.KS,팬오션
051600.KS,한전KPS
071970.KS,HD현대마린엔진
085620.KS,미래에셋생명
103140.KS,풍산
112610.KS,씨에스윈드
139130.KS,iM금융지주
139480.KS,이마트
279570.KS,케이뱅크
336260.KS,두산퓨얼셀
375500.KS,DL이앤씨
457190.KS,이수스페셜티케미컬
000240.KS,한국앤컴퍼니
001430.KS,세아베스틸지주
002790.KS,아모레퍼시픽홀딩스
003690.KS,코리안리
004370.KS,농심
004800.KS,효성
005440.KS,현대지에프홀딩스
007340.KS,DN오토모티브
011210.KS,현대위아
017960.KS,한국카본
018670.KS,SK가스
020150.KS,롯데에너지머티리얼즈
023590.KS,다우기술
030000.KS,제일기획
081660.KS,미스토홀딩스
097230.KS,HJ중공업
192820.KS,코스맥스
204320.KS,HL만도
282330.KS,BGF리테일
383220.KS,F&F
000155.KS,두산우
000500.KS,가온전선
001120.KS,LX인터내셔널
003530.KS,한화투자증권
003540.KS,대신증권
006040.KS,동원산업
006280.KS,녹십자
007070.KS,GS리테일
008770.KS,호텔신라
032350.KS,롯데관광개발
069620.KS,대웅제약
069960.KS,현대백화점
073240.KS,금호타이어
120110.KS,코오롱인더
161890.KS,한국콜마
361610.KS,SK아이이테크놀로지
395400.KS,SK리츠
462870.KS,시프트업
475150.KS,SK이터닉스
483650.KS,달바글로벌
000210.KS,DL
001800.KS,오리온홀딩스
003090.KS,대웅
003240.KS,태광산업
003570.KS,SNT다이내믹스
005070.KS,코스모신소재
007310.KS,오뚜기
007810.KS,코리아써키트
012630.KS,HDC
020560.KS,아시아나항공
030610.KS,교보증권
034230.KS,파라다이스
077970.KS,STX엔진
082640.KS,동양생명
100090.KS,SK오션플랜트
229640.KS,LS에코에너지
294870.KS,IPARK현대산업개발
298020.KS,효성티앤씨
322000.KS,HD현대에너지솔루션
330590.KS,롯데리츠
000080.KS,하이트진로
000670.KS,영풍
000815.KS,삼성화재우
001510.KS,SK증권
001740.KS,SK네트웍스
003160.KS,디아이
004000.KS,롯데정밀화학
005300.KS,롯데칠성
006120.KS,SK디스커버리
036530.KS,SNT홀딩스
051915.KS,LG화학우
071320.KS,지역난방공사
089860.KS,롯데렌탈
100840.KS,SNT에너지
181710.KS,NHN
185750.KS,종근당
192080.KS,더블유게임즈
300720.KS,한일시멘트
415640.KS,KB발해인프라
484870.KS,엠앤씨솔루션
00088K.KS,
003470.KS,유안타증권
005690.KS,파미셀
009240.KS,한샘
009450.KS,경동나비엔
010780.KS,아이에스동서
030190.KS,NICE평가정보
057050.KS,현대홈쇼핑
071055.KS,한국금융지주우
075580.KS,세진중공업
137310.KS,에스디바이오센서
192400.KS,쿠쿠홀딩스
195870.KS,해성디에스
249420.KS,일동제약
280360.KS,롯데웰푸드
281820.KS,케이씨텍
285130.KS,SK케미칼
298050.KS,HS효성첨단소재
365550.KS,ESR켄달스퀘어리츠
499790.KS,GS피앤엘
000370.KS,한화손해보험
001270.KS,부국증권
003030.KS,세아제강지주
003850.KS,보령
004490.KS,세방전지
005090.KS,SGC에너지
006650.KS,대한유화
007700.KS,F&F홀딩스
025540.KS,한국단자
033240.KS,자화전자
064960.KS,SNT모티브
066575.KS,LG전자우
079160.KS,CJ CGV
079900.KS,전진건설로봇
108320.KS,LX세미콘
214320.KS,이노션
248070.KS,솔루엠
317450.KS,명인제약
451800.KS,한화리츠
456040.KS,OCI
00104K.KS,
001060.KS,JW중외제약
001500.KS,현대차증권
001680.KS,대상
002020.KS,코오롱
002350.KS,넥센타이어
003280.KS,흥아해운
003545.KS,대신증권우
003620.KS,KG모빌리티
005180.KS,빙그레
005880.KS,대한해운
0120G0.KS,
014820.KS,동원시스템즈
017940.KS,E1
069260.KS,TKG휴켐스
090460.KS,비에이치
093370.KS,후성
114090.KS,GKL
130660.KS,한전산업
293940.KS,신한알파리츠
000400.KS,롯데손해보험
000640.KS,동아쏘시오홀딩스
001570.KS,금양
002840.KS,미원상사
002960.KS,한국쉘석유
004690.KS,삼천리
005250.KS,녹십자홀딩스
006380.KS,카프로
011930.KS,신성이엔지
039130.KS,하나투어
058650.KS,세아홀딩스
093050.KS,LF
094800.KS,맵스리얼티
105840.KS,우진
178920.KS,PI첨단소재
268280.KS,미원에스씨
271940.KS,일진하이솔루스
336370.KS,솔루스첨단소재
381970.KS,케이카
383800.KS,LX홀딩스
000070.KS,삼양홀딩스
001820.KS,삼화콘덴서
002030.KS,아세아
002240.KS,고려제강
003000.KS,부광약품
003300.KS,한일홀딩스
005389.KS,현대차3우B
005420.KS,코스모화학
008730.KS,율촌화학
009410.KS,태영건설
014830.KS,유니드
016380.KS,KG스틸
016610.KS,DB증권
019170.KS,신풍제약
020000.KS,한섬
029530.KS,신도리코
217590.KS,티엠씨
284740.KS,쿠쿠홈시스
377740.KS,바이오노트
950210.KS,프레스티지바이오파마
001200.KS,유진투자증권
005810.KS,풍산홀딩스
005945.KS,NH투자증권우
006110.KS,삼아알미늄
006220.KS,제주은행
006340.KS,대원전선
009155.KS,삼성전기우
009900.KS,명신산업
016590.KS,신대양제지
034310.KS,NICE
090435.KS,아모레퍼시픽우
105630.KS,한세실업
138490.KS,
145720.KS,덴티움
145990.KS,삼양사
192650.KS,드림텍
448730.KS,삼성FN리츠
452260.KS,한화갤러리아
453340.KS,현대그린푸드
460860.KS,동국제강
001530.KS,DI동일
004700.KS,조광피혁
005610.KS,삼립
008060.KS,대덕
009290.KS,광동제약
010690.KS,화신
015360.KS,INVENI
016800.KS,퍼시스
017810.KS,풀무원
027410.KS,BGF
029460.KS,케이씨
031430.KS,신세계인터내셔날
034830.KS,한국토지신탁
072710.KS,농심홀딩스
089590.KS,제주항공
126720.KS,수산인더스트리
161000.KS,애경케미칼
183190.KS,아세아시멘트
306200.KS,세아제강
357120.KS,코람코라이프인프라리츠
000157.KS,두산2우B
001390.KS,KG케미칼
001940.KS,KISCO홀딩스
002310.KS,아세아제지
002810.KS,삼영무역
005720.KS,넥센
012030.KS,DB
015860.KS,일진홀딩스
018250.KS,애경산업
025860.KS,남해화학
026890.KS,스틱인베스트먼트
037270.KS,YG PLUS
060980.KS,HL홀딩스
084010.KS,대한제강
091810.KS,트리니티항공
097520.KS,엠씨넥스
170900.KS,동아에스티
200880.KS,서연이화
344820.KS,KCC글라스
417310.KS,코람코더원리츠
000650.KS,천일고속
001230.KS,동국홀딩스
002710.KS,TCC스틸
006405.KS,삼성SDI우
007690.KS,국도화학
010820.KS,퍼스텍
011760.KS,현대코퍼레이션
017390.KS,서울가스
017860.KS,DS단석
084690.KS,대상홀딩스
092200.KS,디아이씨
092230.KS,KPX홀딩스
104700.KS,한국철강
123890.KS,한국자산신탁
126560.KS,현대퓨처넷
128820.KS,대성산업
194370.KS,제이에스코퍼레이션
272450.KS,진에어
286940.KS,롯데이노베이트
403550.KS,쏘카
000320.KS,노루홀딩스
000540.KS,흥국화재
001460.KS,BYC
001750.KS,한양증권
003120.KS,일성아이에스
003520.KS,영진약품
003920.KS,남양유업
003960.KS,사조대림
005680.KS,삼영전자
006805.KS,미래에셋증권우
009160.KS,SIMPAC
011500.KS,한농화성
024720.KS,콜마홀딩스
033270.KS,유나이티드제약
034120.KS,SBS
037710.KS,광주신세계
078520.KS,에이블씨엔씨
092790.KS,넥스틸
096760.KS,JW홀딩스
475560.KS,더본코리아
000490.KS,대동
001340.KS,PKC
002320.KS,한진
002900.KS,TYM
003070.KS,코오롱글로벌
003200.KS,일신방직
004310.KS,현대약품
004360.KS,세방
005010.KS,휴스틸
007160.KS,사조산업
009680.KS,모토닉
035510.KS,신세계 I&C
053690.KS,한미글로벌
088260.KS,이리츠코크렙
092220.KS,KEC
117580.KS,대성에너지
241590.KS,화승엔터프라이즈
334890.KS,이지스밸류플러스리츠
348950.KS,제이알글로벌리츠
900140.KS,엘브이엠씨홀딩스
000050.KS,경방
000390.KS,삼화페인트
001130.KS,대한제분
001790.KS,대한제당
0030R0.KS,
003547.KS,대신증권2우B
004560.KS,현대비앤지스틸
009470.KS,삼화전기
013580.KS,계룡건설
02826K.KS,
030210.KS,다올투자증권
033920.KS,무학
035150.KS,백산
058430.KS,포스코스틸리온
108670.KS,LX하우시스
136490.KS,선진
244920.KS,에이플러스에셋
377190.KS,디앤디플랫폼리츠
404990.KS,신한서부티엔디리츠
432320.KS,KB스타리츠
000430.KS,대원강업
000680.KS,LS네트웍스
001630.KS,종근당홀딩스
003220.KS,대원제약
003720.KS,삼영
004980.KS,성신양회
005500.KS,삼진제약
005960.KS,동부건설
007570.KS,일양약품
007860.KS,서연
008490.KS,서흥
011690.KS,와이투솔루션
013890.KS,지누스
016880.KS,웅진
028100.KS,동아지질
044450.KS,KSS해운
053210.KS,스카이라이프
122900.KS,아이마켓코리아
134380.KS,미원화학
210980.KS,SK디앤디
000140.KS,하이트진로홀딩스
000480.KS,CR홀딩스
000520.KS,삼일제약
001250.KS,GS글로벌
002150.KS,도화엔지니어링
003460.KS,유화증권
003555.KS,LG우
003610.KS,방림
004090.KS,한국석유
010580.KS,에스엠벡셀
010955.KS,S-Oil우
025000.KS,KPX케미칼
033530.KS,SJG세종
039570.KS,HDC랩스
051905.KS,LG생활건강우
084680.KS,이월드
095570.KS,AJ네트웍스
226320.KS,잇츠한불
298690.KS,에어부산
487570.KS,HS효성
000860.KS,강남제비스코
001045.KS,CJ우
001080.KS,만호제강
001520.KS,동양
001780.KS,알루코
002990.KS,금호건설
003350.KS,한국화장품제조
003650.KS,미창석유
004380.KS,삼익THK
004430.KS,송원산업
004960.KS,한신공영
005950.KS,이수화학
009070.KS,KCTC
016450.KS,한세예스24홀딩스
081000.KS,일진다이아
102260.KS,동성케미컬
213500.KS,한솔제지
234080.KS,JW생명과학
271980.KS,제일약품
339770.KS,교촌에프앤비
000700.KS,유수홀딩스
001360.KS,삼성제약
002100.KS,경농
003830.KS,대한화섬
005430.KS,한국공항
006060.KS,화승인더
008350.KS,남선알미늄
008970.KS,KBI동양철관
011785.KS,금호석유화학우
012200.KS,계양전기
015230.KS,대창단조
016580.KS,환인제약
031440.KS,신세계푸드
037560.KS,LG헬로비전
071840.KS,롯데하이마트
101530.KS,해태제과식품
102460.KS,이연제약
272550.KS,삼양패키징
400760.KS,NH올원리츠
460850.KS,동국씨엠
000020.KS,동화약품
000300.KS,DH오토넥스
002170.KS,SYTS
002780.KS,진흥기업
00279K.KS,
011700.KS,한신기계
012610.KS,경인양행
021820.KS,세원정공
025620.KS,차AI헬스케어
025820.KS,이구산업
078000.KS,텔코웨어
089470.KS,HDC현대EP
090350.KS,노루페인트
097955.KS,CJ제일제당 우
100250.KS,진양홀딩스
214390.KS,경보제약
214420.KS,토니모리
293480.KS,하나제약
317400.KS,자이에스앤디
462520.KS,조선내화
000970.KS,한국주철관
001290.KS,상상인증권
002390.KS,한독
003480.KS,한진중공업홀딩스
004710.KS,한솔테크닉스
004970.KS,신라교역
005800.KS,신영와코루
007540.KS,샘표
008040.KS,사조동아원
008110.KS,
009270.KS,신원
009580.KS,무림P&P
014280.KS,금강공업
018470.KS,조일알미늄
019180.KS,티에이치엔
044820.KS,코스맥스비티아이
079430.KS,현대리바트
107590.KS,미원홀딩스
210540.KS,디와이파워
363280.KS,티와이홀딩스
002620.KS,제일파마홀딩스
004140.KS,동방
004150.KS,한솔홀딩스
004250.KS,NPC
010100.KS,한국무브넥스
012320.KS,경동인베스트
013520.KS,화승코퍼레이션
013570.KS,디와이
015890.KS,태경산업
016710.KS,대성홀딩스
019680.KS,대교
024090.KS,디씨엠
027970.KS,한국제지
03473K.KS,
035000.KS,HS애드
070960.KS,모나용평
077500.KS,유니퀘스트
094280.KS,효성ITX
095720.KS,웅진씽크빅
298000.KS,효성화학
002460.KS,HS화성
004080.KS,신흥
007210.KS,벽산
008700.KS,아남전자
010660.KS,화천기계
011280.KS,태림포장
014530.KS,극동유화
014710.KS,사조씨푸드
014790.KS,HL D&I
016740.KS,두올
036420.KS,콘텐트리중앙
036580.KS,팜스코
067830.KS,세이브존I&C
083420.KS,그린케미칼
084670.KS,동양고속
120030.KS,조선선재
123690.KS,한국화장품
248170.KS,샘표식품
267290.KS,경동도시가스
350520.KS,이지스레지던스리츠
000230.KS,일동홀딩스
001020.KS,페이퍼코리아
001275.KS,부국증권우
002200.KS,한국수출포장
004100.KS,태양금속
004840.KS,DRB동일
005870.KS,휴니드
007110.KS,일신석재
007460.KS,에이프로젠
012800.KS,대창
014160.KS,대영포장
014580.KS,태경비케이
015590.KS,DKME
017550.KS,수산세보틱스
017900.KS,광전자
020120.KS,키다리스튜디오
034590.KS,인천도시가스
139990.KS,아주스틸
227840.KS,현대코퍼레이션홀딩스
267850.KS,아시아나IDT
000105.KS,유한양행우
000180.KS,성창기업지주
001560.KS,제일연마
002220.KS,한일철강
002450.KS,삼익악기
002720.KS,국제약품
003580.KS,HLB글로벌
004060.KS,SG세계물산
005740.KS,크라운해태홀딩스
006840.KS,AK홀딩스
008260.KS,NI스틸
011810.KS,STX
013360.KS,일성건설
013870.KS,지엠비코리아
017370.KS,우신시스템
023450.KS,동남합성
023800.KS,인지컨트롤스
058850.KS,KTcs
063160.KS,종근당바이오
264900.KS,크라운제과
000590.KS,CS홀딩스
002700.KS,신일전자
004890.KS,동일산업
005750.KS,대림바스
006660.KS,삼성공조
006890.KS,태경케미컬
007980.KS,TP
010960.KS,삼호개발
011150.KS,CJ씨푸드
023000.KS,삼원강재
032560.KS,황금에스티
058860.KS,KTis
078935.KS,GS우
101140.KS,인바이오젠
119650.KS,KC코트렐
163560.KS,동일고무벨트
214330.KS,금호에이치티
33626K.KS,
37550L.KS,
396690.KS,미래에셋글로벌리츠
000850.KS,화천기공
001260.KS,남광토건
001550.KS,조비
002600.KS,조흥
003925.KS,남양유업우
004440.KS,삼일씨엔에스
004720.KS,팜젠사이언스
006880.KS,신송홀딩스
007280.KS,한국특강
009180.KS,한솔로지스틱스
009200.KS,무림페이퍼
011000.KS,진원생명과학
014440.KS,영보화학
031820.KS,아이티센씨티에스
068290.KS,삼성출판사
079980.KS,휴비스
085310.KS,엔케이
096775.KS,SK이노베이션우
111380.KS,동인기연
338100.KS,NH프라임리츠
000725.KS,현대건설우
001470.KS,삼부토건
002795.KS,아모레퍼시픽홀딩스우
004410.KS,서울식품
006090.KS,사조오양
007590.KS,동방아그로
009770.KS,삼정펄프
009835.KS,한화솔루션우
010040.KS,한국내화
011330.KS,유니켐
011390.KS,부산산업
012690.KS,모나리자
013700.KS,까뮤이앤씨
016090.KS,대현
018500.KS,동원금속
023810.KS,인팩
058730.KS,다스코
071090.KS,하이스틸
120115.KS,코오롱인더우
129260.KS,인터지스
000220.KS,유유제약
000910.KS,유니온
001620.KS,케이비아이동국실업
002140.KS,고려산업
002760.KS,보락
003010.KS,혜인
003780.KS,진양산업
004540.KS,깨끗한나라
004830.KS,덕성
006980.KS,우성
047400.KS,유니온머티리얼
055490.KS,테이팩스
069730.KS,DSR제강
072130.KS,유엔젤
092440.KS,기신정기
100220.KS,비상교육
111110.KS,호전실업
155660.KS,DSR
372910.KS,한컴라이프케어
378850.KS,화승알앤에이
000950.KS,전방
001380.KS,SG글로벌
001465.KS,BYC우
002630.KS,오리엔트바이오
003060.KS,에이프로젠바이오로직스
003465.KS,유화증권우
003475.KS,유안타증권우
004450.KS,삼화왕관
004910.KS,조광페인트
005305.KS,롯데칠성우
007120.KS,미래아이앤지
017180.KS,명문제약
021050.KS,서원
024900.KS,디와이덕양
025560.KS,미래산업
092780.KS,DYP
093240.KS,형지엘리트
109070.KS,주성코퍼레이션
357250.KS,미래에셋맵스리츠
37550K.KS,
000890.KS,보해양조
002410.KS,범양건영
002920.KS,유성기업
003080.KS,SB성보
004770.KS,써니전자
004920.KS,씨아이테크
007610.KS,선도전기
007815.KS,코리아써우
009190.KS,대양금속
010770.KS,평화홀딩스
012160.KS,영흥
012280.KS,영화금속
014990.KS,인디에프
023960.KS,에쓰씨엔지니어링
025530.KS,SJM홀딩스
027740.KS,마니커
041650.KS,상신브레이크
075180.KS,새론오토모티브
123700.KS,SJM
28513K.KS,
000215.KS,DL우
001210.KS,금호전기
006125.KS,SK디스커버리우
006370.KS,대구백화점
008420.KS,문배철강
008870.KS,금비
009320.KS,아진전자부품
011230.KS,삼화전자
011300.KS,우성머티리얼스
011420.KS,갤럭시아에스엠
017040.KS,광명전기
020760.KS,일진디스플
023350.KS,한국종합기술
049800.KS,우진플라임
051630.KS,진양화학
069460.KS,대호에이엘
090080.KS,평화산업
133820.KS,화인베스틸
465770.KS,STX그린로지스
481850.KS,신한글로벌액티브리츠
000760.KS,이화산업
002360.KS,SH에너지화학
002870.KS,신풍
002880.KS,디와이에이
003535.KS,한화투자증권우
004870.KS,티웨이홀딩스
005030.KS,부산주공
006490.KS,인스코비
008250.KS,이건산업
019490.KS,엑시큐어하이트론
025750.KS,한솔홈데코
026940.KS,부국철강
074610.KS,이엔플러스
084870.KS,TBH글로벌
118000.KS,메타케어
134790.KS,시디즈
145270.KS,케이탑리츠
308170.KS,씨티알모빌리티
35320K.KS,
357430.KS,마스턴프리미어리츠
000040.KS,KR모터스
001070.KS,대한방직
002420.KS,세기상사
002690.KS,동일제강
004365.KS,세방우
005320.KS,온타이드
005360.KS,모나미
005820.KS,원림
006200.KS,한국전자홀딩스
009140.KS,경인전자
009810.KS,플레이그램
013000.KS,세우글로벌
014130.KS,한익스프레스
014910.KS,성문전자
019175.KS,신풍제약우
024890.KS,대원화성
088790.KS,진도
090370.KS,메타랩스
33637K.KS,
446070.KS,유니드비티플러스
002025.KS,코오롱우
002355.KS,넥센타이어1우B
002820.KS,SUN&L
003495.KS,대한항공우
003680.KS,한성기업
004270.KS,남성
006570.KS,대림통상
006740.KS,블루산업개발
009460.KS,한창제지
010400.KS,우진아이엔에스
011090.KS,에넥스
015260.KS,에이엔피
023150.KS,MH에탄올
024070.KS,WISCOM
030720.KS,동원수산
033250.KS,체시스
069640.KS,한세엠케이
071950.KS,코아스
33626L.KS,
480370.KS,씨케이솔루션
001420.KS,태원물산
001685.KS,대상우
001770.KS,SHD
002210.KS,동성제약
00499K.KS,
005110.KS,한창
005257.KS,녹십자홀딩스2우
008600.KS,윌비스
008775.KS,호텔신라우
009310.KS,참엔지니어링
009440.KS,KC그린홀딩스
010640.KS,진양폴리
012170.KS,아센디오
015020.KS,이스타코
019685.KS,대교우B
025890.KS,한국주강
044380.KS,주연테크
143210.KS,핸즈코퍼레이션
18064K.KS,
45226K.KS,
000087.KS,하이트진로2우B
001067.KS,JW중외제약2우B
001515.KS,SK증권우
001755.KS,한양증권우
001795.KS,대한제당우
002070.KS,비비안
003075.KS,코오롱글로벌우
004105.KS,태양금속우
004255.KS,NPC우
005725.KS,넥센우
00806K.KS,
008500.KS,일정실업
084695.KS,대상홀딩스우
108675.KS,LX하우시스우
140910.KS,에이리츠
145995.KS,삼양사우
152550.KS,한국ANKOR유전
204210.KS,스타에스엠리츠
33637L.KS,
38380K.KS,
000145.KS,하이트진로홀딩스우
000225.KS,유유제약1우
000325.KS,노루홀딩스우
000545.KS,흥국화재우
001065.KS,JW중외제약우
002995.KS,금호건설우
004835.KS,덕성우
004985.KS,성신양회우
005745.KS,크라운해태홀딩스우
005965.KS,동부건설우
006345.KS,대원전선우
007575.KS,일양약품우
00781K.KS,
009415.KS,태영건설우
012205.KS,계양전기우
014825.KS,동원시스템즈우
090355.KS,노루페인트우
145210.KS,다이나믹디자인
26490K.KS,
36328K.KS,
000227.KS,유유제약2우B
001525.KS,동양우
001527.KS,동양2우B
002785.KS,진흥기업우B
002787.KS,진흥기업2우B
004415.KS,서울식품우
004545.KS,깨끗한나라우
008355.KS,남선알미우
011155.KS,CJ씨푸드1우
014285.KS,금강공업우
014915.KS,성문전자우
